Title,Score,Number_Of_Comments,Publish_Date,Link
Netflix Shutters Its DVD Rental Business,57,25,1695948762.0,https://www.reddit.com/r/wallstreetbets/comments/16uxdte/netflix_shutters_its_dvd_rental_business/
Tarshit once again,10,7,1695661173.0,https://www.reddit.com/r/wallstreetbets/comments/16rxjwt/tarshit_once_again/
BBBY is producing Degenerates,325,109,1693225717.0,https://www.reddit.com/r/wallstreetbets/comments/163krrj/bbby_is_producing_degenerates/
Wayfair DD -Aggregation from Discord and Elsewhere,78,188,1689550102.0,https://www.reddit.com/r/wallstreetbets/comments/151l4jm/wayfair_dd_aggregation_from_discord_and_elsewhere/
$W Wayfair: significantly over-valued price and ready to dump to 30 (or feel free to inverse me and watch to jump to 300).,18,22,1689304829.0,https://www.reddit.com/r/wallstreetbets/comments/14z4wui/w_wayfair_significantly_overvalued_price_and/
USA Cannabis Sector about to light up: $MO (Altria) + $ CURLF (Curaleaf) + $CRON (Cronos) 3-Way Merger ðŸŒ¿ðŸ”¥ ðŸ˜Ž,109,170,1688855096.0,https://www.reddit.com/r/wallstreetbets/comments/14uhbv1/usa_cannabis_sector_about_to_light_up_mo_altria/
"Tale of the epic comebackâ€¦. Started with oil, ended with oilâ€¦.",256,83,1688324752.0,https://www.reddit.com/r/wallstreetbets/comments/14owb47/tale_of_the_epic_comeback_started_with_oil_ended/
"You can now buy all the store equipment and fixtures in BBBY, bullish!!!",432,96,1685400436.0,https://www.reddit.com/r/wallstreetbets/comments/13v91g2/you_can_now_buy_all_the_store_equipment_and/
Third time is a charm? Nearing the End - long post,219,276,1684036746.0,https://www.reddit.com/r/wallstreetbets/comments/13h1w4q/third_time_is_a_charm_nearing_the_end_long_post/
Even in Canada the $BBBY party is over,1134,113,1682866299.0,https://www.reddit.com/r/wallstreetbets/comments/133txnt/even_in_canada_the_bbby_party_is_over/
BBBY can keep you warm at night,252,14,1682645928.0,https://www.reddit.com/r/wallstreetbets/comments/131dzxb/bbby_can_keep_you_warm_at_night/
BBBY Hodlers Right Now ðŸ’€,1283,199,1682462553.0,https://www.reddit.com/r/wallstreetbets/comments/12yylwl/bbby_hodlers_right_now/
$BBBY wonâ€™t be empty long!,360,25,1682474858.0,https://www.reddit.com/r/wallstreetbets/comments/12z3a0k/bbby_wont_be_empty_long/
"BBBY Reddit forum members, why?",48,78,1682471158.0,https://www.reddit.com/r/wallstreetbets/comments/12z1xur/bbby_reddit_forum_members_why/
How are people dumb enough to keep buying BBBY? They are delisting May 3rd!,3697,1166,1682535232.0,https://www.reddit.com/r/wallstreetbets/comments/12zuf37/how_are_people_dumb_enough_to_keep_buying_bbby/
Other Companies vs BBBY,3871,223,1682274435.0,https://www.reddit.com/r/wallstreetbets/comments/12wl2p4/other_companies_vs_bbby/
Bobbies Producing Some Big Winners! Now they saying BBBY and HFs were colluding against retail,415,171,1682550065.0,https://www.reddit.com/r/wallstreetbets/comments/1302k8d/bobbies_producing_some_big_winners_now_they/
BBBY loss ðŸ¥² couldnâ€™t use the loss thing for some reason,71,58,1682487462.0,https://www.reddit.com/r/wallstreetbets/comments/12z7r3f/bbby_loss_couldnt_use_the_loss_thing_for_some/
Hereâ€™s an update on my BBBY from yesterday. A captain goes down with his ship. ðŸ«¡,138,36,1682529632.0,https://www.reddit.com/r/wallstreetbets/comments/12zqwin/heres_an_update_on_my_bbby_from_yesterday_a/
Met a BBBY Bagholder Tonight Living Next To a Bridge. Bullish!,203,48,1682393637.0,https://www.reddit.com/r/wallstreetbets/comments/12y6v1j/met_a_bbby_bagholder_tonight_living_next_to_a/
Wish granted,664,48,1682813071.0,https://www.reddit.com/r/wallstreetbets/comments/133aq9r/wish_granted/
"Who bbby ""household investors"" think they are vs who they actually are.",2164,248,1682280484.0,https://www.reddit.com/r/wallstreetbets/comments/12wocbf/who_bbby_household_investors_think_they_are_vs/
now where the hell am i gonna pay $100 for a cheese grater?,174,18,1682904437.0,https://www.reddit.com/r/wallstreetbets/comments/1348ziq/now_where_the_hell_am_i_gonna_pay_100_for_a/
How heavy were your bags?,1591,418,1682810555.0,https://www.reddit.com/r/wallstreetbets/comments/1339td5/how_heavy_were_your_bags/
I Lost over 100k to Bed Bath And Beyond,5614,1832,1682449866.0,https://www.reddit.com/r/wallstreetbets/comments/12ysthr/i_lost_over_100k_to_bed_bath_and_beyond/
Feeling increasingly regarded. Which stocks are in your watchlist and why?,14,32,1682454931.0,https://www.reddit.com/r/wallstreetbets/comments/12yv7eb/feeling_increasingly_regarded_which_stocks_are_in/
I belong here,81,25,1682567502.0,https://www.reddit.com/r/wallstreetbets/comments/130909m/i_belong_here/
always read the fine print yo,287,22,1682688188.0,https://www.reddit.com/r/wallstreetbets/comments/131rmoh/always_read_the_fine_print_yo/
What does it mean when r/wallstreetbets and r/stocks are on the same page?,186,82,1682548621.0,https://www.reddit.com/r/wallstreetbets/comments/1301yh8/what_does_it_mean_when_rwallstreetbets_and/
Footlocker - whatâ€™s the play?,12,17,1680136766.0,https://www.reddit.com/r/wallstreetbets/comments/12666ph/footlocker_whats_the_play/
"$65k yearly loss!! Damsel in distress!! I started day trading and thenâ€¦. BBIG, Shib, FTM, bbby, amc, Hkd, etcâ€¦ Be kindðŸ«£ kind advice welcome.",120,321,1678318580.0,https://www.reddit.com/r/wallstreetbets/comments/11mc2rm/65k_yearly_loss_damsel_in_distress_i_started_day/
Oi! Listen here ya little shits.,157,178,1678331821.0,https://www.reddit.com/r/wallstreetbets/comments/11mh5jc/oi_listen_here_ya_little_shits/
updating the BBBY ticker for the 100th time,2455,437,1675714535.0,https://www.reddit.com/r/wallstreetbets/comments/10vguqx/updating_the_bbby_ticker_for_the_100th_time/
"BBBY Megathread for Thursday, January 26th, 2023",346,1109,1674764477.0,https://www.reddit.com/r/wallstreetbets/comments/10m1ftr/bbby_megathread_for_thursday_january_26th_2023/
Does Nordstrom sell bags?,28,4,1675384286.0,https://www.reddit.com/r/wallstreetbets/comments/10s5ya0/does_nordstrom_sell_bags/
BBBY,1607,301,1673988297.0,https://www.reddit.com/r/wallstreetbets/comments/10emz2k/bbby/
bbby moon wen?,412,182,1673979288.0,https://www.reddit.com/r/wallstreetbets/comments/10ej44w/bbby_moon_wen/
Having 1 BBBY share be likeâ€¦..,1086,86,1674001768.0,https://www.reddit.com/r/wallstreetbets/comments/10esokt/having_1_bbby_share_be_like/
"Sold BBBY calls - big risk, small gain",24,24,1674092041.0,https://www.reddit.com/r/wallstreetbets/comments/10fosar/sold_bbby_calls_big_risk_small_gain/
"Goodbye BBBY, you're back out! (again)",41,312,1673966801.0,https://www.reddit.com/r/wallstreetbets/comments/10ee09y/goodbye_bbby_youre_back_out_again/
BBBY holder you alright?,970,355,1673843666.0,https://www.reddit.com/r/wallstreetbets/comments/10d53y5/bbby_holder_you_alright/
I can't wait until BBBY goes Bankrupt so I can stop seeing so many fucking posts about it.,3727,777,1674015275.0,https://www.reddit.com/r/wallstreetbets/comments/10exo8n/i_cant_wait_until_bbby_goes_bankrupt_so_i_can/
"YOLOing puts on BABA, BBBY and TSLA. Hoping for a late Christmas. Sue me.",17,73,1673976596.0,https://www.reddit.com/r/wallstreetbets/comments/10ehyo1/yoloing_puts_on_baba_bbby_and_tsla_hoping_for_a/
BBBY 0dte YOLO,1144,179,1673654842.0,https://www.reddit.com/r/wallstreetbets/comments/10b9xa8/bbby_0dte_yolo/
BBBY,18,6,1673634661.0,https://www.reddit.com/r/wallstreetbets/comments/10b1ppy/bbby/
$BBBY $60k YOLO,13617,2093,1673559148.0,https://www.reddit.com/r/wallstreetbets/comments/10abe3w/bbby_60k_yolo/
BBBY (yolo) calls,286,49,1673567332.0,https://www.reddit.com/r/wallstreetbets/comments/10aevrt/bbby_yolo_calls/
"Congratulations BBBY, you're back in!",7108,1692,1673555844.0,https://www.reddit.com/r/wallstreetbets/comments/10a9z8f/congratulations_bbby_youre_back_in/
YOLO! $BBBY - HODL,706,31,1673559071.0,https://www.reddit.com/r/wallstreetbets/comments/10abcrs/yolo_bbby_hodl/
Life is mf Good (BBBY),467,55,1673573219.0,https://www.reddit.com/r/wallstreetbets/comments/10ah6so/life_is_mf_good_bbby/
Bbby straddles for me !!!!!,390,78,1673562322.0,https://www.reddit.com/r/wallstreetbets/comments/10acsau/bbby_straddles_for_me/
more gain porn from bbby options,411,24,1673569546.0,https://www.reddit.com/r/wallstreetbets/comments/10afrlc/more_gain_porn_from_bbby_options/
Good thing BBBY baggies donâ€™t know what cash flow means,1927,307,1673636874.0,https://www.reddit.com/r/wallstreetbets/comments/10b2mv6/good_thing_bbby_baggies_dont_know_what_cash_flow/
"$BBBY yolo, started with $500. Tomorrow we ride",799,98,1673563102.0,https://www.reddit.com/r/wallstreetbets/comments/10ad4ah/bbby_yolo_started_with_500_tomorrow_we_ride/
Still HODLâ€™ ing BBBY . To break even and Beyond,178,11,1673572313.0,https://www.reddit.com/r/wallstreetbets/comments/10ague4/still_hodl_ing_bbby_to_break_even_and_beyond/
$BBBY - $70K YOLO Update - All In Options - Tuesday money printers go Brrr ðŸ’Ž ðŸ™ŒðŸ¾ ðŸš€,1620,343,1673665407.0,https://www.reddit.com/r/wallstreetbets/comments/10bdoyw/bbby_70k_yolo_update_all_in_options_tuesday_money/
$BBBY - I didnâ€™t join this run but never posted my gains from last run. Canâ€™t lose your gains if you stop playing ðŸ˜…,121,39,1673813323.0,https://www.reddit.com/r/wallstreetbets/comments/10cthkb/bbby_i_didnt_join_this_run_but_never_posted_my/
BBBY $70K YOLO - All In Call Options - No Stocks Sorry ðŸš€ðŸ™ŒðŸ¾ðŸ’Ž,1652,273,1673572958.0,https://www.reddit.com/r/wallstreetbets/comments/10ah39h/bbby_70k_yolo_all_in_call_options_no_stocks_sorry/
One year on r/wallstreetbets is like 10 in the real world.,4583,96,1674068222.0,https://www.reddit.com/r/wallstreetbets/comments/10ffgaw/one_year_on_rwallstreetbets_is_like_10_in_the/
Don't even need to trust me bro on BBBY the DD over the past 5 months in one spot,1178,390,1673618167.0,https://www.reddit.com/r/wallstreetbets/comments/10av4vt/dont_even_need_to_trust_me_bro_on_bbby_the_dd/
"I present to you, my fellow degenerates, my loss porn. GG.",1413,388,1674064699.0,https://www.reddit.com/r/wallstreetbets/comments/10fdx4m/i_present_to_you_my_fellow_degenerates_my_loss/
No paperhands allowed,1826,346,1673995341.0,https://www.reddit.com/r/wallstreetbets/comments/10eq140/no_paperhands_allowed/
"""bbb y"" can't you make it go up when u see me",193,20,1674018443.0,https://www.reddit.com/r/wallstreetbets/comments/10eyqge/bbb_y_cant_you_make_it_go_up_when_u_see_me/
who's ready for some loss porn?,111,70,1673825159.0,https://www.reddit.com/r/wallstreetbets/comments/10cyfhx/whos_ready_for_some_loss_porn/
To infinity and bed bath & beyond,90,44,1673605122.0,https://www.reddit.com/r/wallstreetbets/comments/10ar3cy/to_infinity_and_bed_bath_beyond/
Bobby saving my portfolio.,985,158,1673576594.0,https://www.reddit.com/r/wallstreetbets/comments/10aigmk/bobby_saving_my_portfolio/
I heard you guys like gain porn (Citadel made me short BBBY),34,26,1673033111.0,https://www.reddit.com/r/wallstreetbets/comments/1052ye3/i_heard_you_guys_like_gain_porn_citadel_made_me/
Better to think people ðŸš€ðŸš€ðŸ’ŽðŸ’ŽðŸ’ŽðŸ’¯ðŸ’¯,419,35,1673587639.0,https://www.reddit.com/r/wallstreetbets/comments/10am97c/better_to_think_people/
Iâ€™m back baby! And better than ever. Bobby giving out some 600% gains. Love to see it.,238,20,1673565323.0,https://www.reddit.com/r/wallstreetbets/comments/10ae1t0/im_back_baby_and_better_than_ever_bobby_giving/
"If this makes money, I'll be blown away BoBBY",292,27,1673594060.0,https://www.reddit.com/r/wallstreetbets/comments/10ao70t/if_this_makes_money_ill_be_blown_away_bobby/
AMC and APE Serious DD... It is all gambling anyways so probably best not to readâ€¦,11,44,1673597260.0,https://www.reddit.com/r/wallstreetbets/comments/10ap1nz/amc_and_ape_serious_dd_it_is_all_gambling_anyways/
Ryan Cohen speaks about selling his BBBY stake ðŸ‰,4088,864,1668979994.0,https://www.reddit.com/r/wallstreetbets/comments/z0fzif/ryan_cohen_speaks_about_selling_his_bbby_stake/
"I used to laugh at your loss porn, now here I amâ€¦",306,54,1666643064.0,https://www.reddit.com/r/wallstreetbets/comments/yclmom/i_used_to_laugh_at_your_loss_porn_now_here_i_am/
Psychology of Market cycles in perspective of BBBY stockholder,377,72,1666117830.0,https://www.reddit.com/r/wallstreetbets/comments/y7ev3l/psychology_of_market_cycles_in_perspective_of/
BBBY 2024 BONDS YOLO,594,221,1665719546.0,https://www.reddit.com/r/wallstreetbets/comments/y3j878/bbby_2024_bonds_yolo/
A How To guide on playing the market on WSBs,27,15,1666529790.0,https://www.reddit.com/r/wallstreetbets/comments/ybh1b7/a_how_to_guide_on_playing_the_market_on_wsbs/
Letâ€™s Go KO!,43,20,1666639849.0,https://www.reddit.com/r/wallstreetbets/comments/yckarz/lets_go_ko/
Are you still holding BBBY?,60,35,1665670390.0,https://www.reddit.com/r/wallstreetbets/comments/y2zt0e/are_you_still_holding_bbby/
"I don't usually track super long calls or puts - but this can't be normal, right?",7,17,1666192328.0,https://www.reddit.com/r/wallstreetbets/comments/y85arf/i_dont_usually_track_super_long_calls_or_puts_but/
Dead App Gain Porn,330,40,1666365027.0,https://www.reddit.com/r/wallstreetbets/comments/y9w6sb/dead_app_gain_porn/
Carl Ichan is not buying GME Shares!,1529,445,1666125078.0,https://www.reddit.com/r/wallstreetbets/comments/y7hyqv/carl_ichan_is_not_buying_gme_shares/
"Last October I saw what I felt was the peak and have been doing puts since, my plan has been to take 25 percent or so profits here are screenshots of many trades $tsla $bill $cvna $se $gme $snow $frpt $dash $now $mdb $meli these are just 10 examples, this is the way! Good luck everyone",8,6,1666341138.0,https://www.reddit.com/r/wallstreetbets/comments/y9o0wt/last_october_i_saw_what_i_felt_was_the_peak_and/
Perverts at BBBY,49,10,1665252499.0,https://www.reddit.com/r/wallstreetbets/comments/xyzexv/perverts_at_bbby/
BBBY DD $102 BBBY,39,13,1664995447.0,https://www.reddit.com/r/wallstreetbets/comments/xwipxr/bbby_dd_102_bbby/
How fucked am I? $SNAP,10,47,1666113623.0,https://www.reddit.com/r/wallstreetbets/comments/y7d1pl/how_fucked_am_i_snap/
Meme stocks,212,16,1665683073.0,https://www.reddit.com/r/wallstreetbets/comments/y34xtf/meme_stocks/
Who woulda thunk it???,68,28,1665799296.0,https://www.reddit.com/r/wallstreetbets/comments/y4box5/who_woulda_thunk_it/
"Canâ€™t hold this f*** in BBBY bag any longer , paper handed with â€˜ONLY 16k lossâ€™. I thought iâ€™d be able retire early if it ever hits $200. FML , 7k left, what do i do to recoup my 80k loss ytd??",2319,1652,1665445320.0,https://www.reddit.com/r/wallstreetbets/comments/y0tp75/cant_hold_this_f_in_bbby_bag_any_longer_paper/
Just in case yâ€™all were wondering if thereâ€™s still bag holders,3252,627,1665684453.0,https://www.reddit.com/r/wallstreetbets/comments/y35icb/just_in_case_yall_were_wondering_if_theres_still/
"Down almost 300k on 44k shares of BBBY, sorry for not listening to fellow apes to sell when it was over $9 last month, shoulda, woulda, coulda is story of my investing / gambling life, posted 3 screenshots, even now I still think I rather ride it to zero before selling over $9 at this point",354,315,1665458428.0,https://www.reddit.com/r/wallstreetbets/comments/y0y9wd/down_almost_300k_on_44k_shares_of_bbby_sorry_for/
BBBY Yolo,142,16,1664647586.0,https://www.reddit.com/r/wallstreetbets/comments/xt210x/bbby_yolo/
Wendy's! One of the most popular meme stocks on WSB! ðŸ¤£,17,13,1665621563.0,https://www.reddit.com/r/wallstreetbets/comments/y2kle0/wendys_one_of_the_most_popular_meme_stocks_on_wsb/
BBBY is love BBBY is life,182,24,1664385762.0,https://www.reddit.com/r/wallstreetbets/comments/xqiosy/bbby_is_love_bbby_is_life/
BBBY Bag holder on shark tank.,151,35,1664628639.0,https://www.reddit.com/r/wallstreetbets/comments/xsuifz/bbby_bag_holder_on_shark_tank/
BBBY Q2,16,7,1664557229.0,https://www.reddit.com/r/wallstreetbets/comments/xs6j2n/bbby_q2/
"BBBY is out, Gourd futures are in",41,10,1664601429.0,https://www.reddit.com/r/wallstreetbets/comments/xsmvzh/bbby_is_out_gourd_futures_are_in/
Everyone who invested in $BBBY,1318,239,1664475271.0,https://www.reddit.com/r/wallstreetbets/comments/xrevzt/everyone_who_invested_in_bbby/
TLRY 23k YOLO ðŸš€ðŸš€ðŸš€,18,11,1665171928.0,https://www.reddit.com/r/wallstreetbets/comments/xy8c24/tlry_23k_yolo/
BBBY is sticking with their turnaround plan!,313,68,1664454748.0,https://www.reddit.com/r/wallstreetbets/comments/xr6nke/bbby_is_sticking_with_their_turnaround_plan/
The Only Prediction You'll Ever Need (For Dummies Only),85,21,1665288175.0,https://www.reddit.com/r/wallstreetbets/comments/xzc0g7/the_only_prediction_youll_ever_need_for_dummies/
BBBY All set up for a short term run up. OBV stable and rising. MACD boutta reverse and RSI ascending. Institutions HODLing. BBBY NOW. Shares bouth. Hands Diamonds. Balls Deep. Death or Dishonor.,761,319,1664448715.0,https://www.reddit.com/r/wallstreetbets/comments/xr4n8l/bbby_all_set_up_for_a_short_term_run_up_obv/
BBBY Hodler be like...,25,5,1664346050.0,https://www.reddit.com/r/wallstreetbets/comments/xq4sw8/bbby_hodler_be_like/
"Alright, which one of you dumbass apes was on Shark Tank tonight trying to sell your banana phone to BBBY.",183,16,1664606492.0,https://www.reddit.com/r/wallstreetbets/comments/xsob19/alright_which_one_of_you_dumbass_apes_was_on/
$BBBY SQUEEZED MY PORTFOLIO .,30,16,1664345006.0,https://www.reddit.com/r/wallstreetbets/comments/xq4i00/bbby_squeezed_my_portfolio/
"Huge ass BBBY movement in pre-market after yesterday's discount, back to 11$?",116,171,1664283054.0,https://www.reddit.com/r/wallstreetbets/comments/xpfxh1/huge_ass_bbby_movement_in_premarket_after/
"$BBBY, $GME, and $AMC",92,55,1664052264.0,https://www.reddit.com/r/wallstreetbets/comments/xn3j4f/bbby_gme_and_amc/
"OBV still stable and not signaling any plunge, we are in a price accumulation zone. Loading more of BBBY. Bullish AF.",57,24,1664316814.0,https://www.reddit.com/r/wallstreetbets/comments/xpufc5/obv_still_stable_and_not_signaling_any_plunge_we/
Why didnâ€™t I sell???,320,265,1664547212.0,https://www.reddit.com/r/wallstreetbets/comments/xs2fnm/why_didnt_i_sell/
ðŸš€ðŸš€ green green green,3,12,1664907976.0,https://www.reddit.com/r/wallstreetbets/comments/xvmmlo/green_green_green/
Before BBBY is finally removed by 500M Cap Rules. Thought I would bring out Ol'Faithfull one more time. You guys really did it! 10/10 Replica. Bye Forever.,477,194,1664304981.0,https://www.reddit.com/r/wallstreetbets/comments/xppbwl/before_bbby_is_finally_removed_by_500m_cap_rules/
"This gentleman told me GME, BBBY and IDG to the moon, but his hands looked like wet paper. His credentials check out though.",6,7,1664312285.0,https://www.reddit.com/r/wallstreetbets/comments/xpsgyu/this_gentleman_told_me_gme_bbby_and_idg_to_the/
Am I a ðŸŒˆðŸ» now? Just bought SPY and CS puts,44,50,1664819806.0,https://www.reddit.com/r/wallstreetbets/comments/xuqigc/am_i_a_now_just_bought_spy_and_cs_puts/
"Grad student, invested in Tech stocks and BBBY, down >60%. Local Wendy's doesn't have a dum-pster behind...what do I do ?",286,110,1664242039.0,https://www.reddit.com/r/wallstreetbets/comments/xp2ese/grad_student_invested_in_tech_stocks_and_bbby/
BBBY position,10,13,1663882540.0,https://www.reddit.com/r/wallstreetbets/comments/xle45m/bbby_position/
We know it at this point. Brace yourselves (stolenpic.jpg),113,43,1664677630.0,https://www.reddit.com/r/wallstreetbets/comments/xtd33m/we_know_it_at_this_point_brace_yourselves/
Bed Bath & Beyond reports a 28% drop in sales as it presses ahead with a turnaround plan,791,279,1664452379.0,https://www.reddit.com/r/wallstreetbets/comments/xr5tzq/bed_bath_beyond_reports_a_28_drop_in_sales_as_it/
"Good Morning Regards! Happy Bear Day! Here are the most active options for today, 29 September 2022",30,8,1664461415.0,https://www.reddit.com/r/wallstreetbets/comments/xr9635/good_morning_regards_happy_bear_day_here_are_the/
I'm confused,7,18,1664581062.0,https://www.reddit.com/r/wallstreetbets/comments/xsg3ur/im_confused/
Stock website missing features?,3,8,1664505647.0,https://www.reddit.com/r/wallstreetbets/comments/xrq4yr/stock_website_missing_features/
PSA: 33m market cap till we can stfu about BBBY. Heavy bags incoming,119,84,1664000017.0,https://www.reddit.com/r/wallstreetbets/comments/xmkvhv/psa_33m_market_cap_till_we_can_stfu_about_bbby/
BBBY Earnings Next Week - 9/29,6,10,1663887132.0,https://www.reddit.com/r/wallstreetbets/comments/xlg183/bbby_earnings_next_week_929/
I might need therapy after this week,24,8,1664496212.0,https://www.reddit.com/r/wallstreetbets/comments/xrmyd7/i_might_need_therapy_after_this_week/
Press conference looks bullish for BBBY,289,16,1663785926.0,https://www.reddit.com/r/wallstreetbets/comments/xkdaa9/press_conference_looks_bullish_for_bbby/
Scared because BBBY is closing some stores...,7,20,1663887768.0,https://www.reddit.com/r/wallstreetbets/comments/xlgak5/scared_because_bbby_is_closing_some_stores/
Imagine if the markets worked like this,7,6,1664452535.0,https://www.reddit.com/r/wallstreetbets/comments/xr5vyl/imagine_if_the_markets_worked_like_this/
Name may not be spoken less than $500m,40,7,1664477979.0,https://www.reddit.com/r/wallstreetbets/comments/xrfzwr/name_may_not_be_spoken_less_than_500m/
Did I accidentally yolo my entire Roth IRA by accident?,49,66,1664681400.0,https://www.reddit.com/r/wallstreetbets/comments/xteaf4/did_i_accidentally_yolo_my_entire_roth_ira_by/
BBBY ðŸ³ -1.6M ASTS 1M YOLO,129,48,1663771211.0,https://www.reddit.com/r/wallstreetbets/comments/xk6ri0/bbby_16m_asts_1m_yolo/
I wanna beat my ATH with what I have left.,10,5,1664585899.0,https://www.reddit.com/r/wallstreetbets/comments/xshtx1/i_wanna_beat_my_ath_with_what_i_have_left/
Sorry everyone this is by first time using Reddit.. here is my positions to my previous post AM I IN TROUBLE,26,69,1664636389.0,https://www.reddit.com/r/wallstreetbets/comments/xsxfq1/sorry_everyone_this_is_by_first_time_using_reddit/
Don't marry your stocks!,95,20,1664390452.0,https://www.reddit.com/r/wallstreetbets/comments/xqkorj/dont_marry_your_stocks/
Earnings Preview: Bed Bath & Beyond (BBBY) Q2 Earnings Expected to Decline,4,10,1663864962.0,https://www.reddit.com/r/wallstreetbets/comments/xl6fsc/earnings_preview_bed_bath_beyond_bbby_q2_earnings/
Technically green today boys,283,16,1664319715.0,https://www.reddit.com/r/wallstreetbets/comments/xpvld5/technically_green_today_boys/
I want to get my gf a nice ring and best wedding she can dream of. So I put $20k in BBBY but feeling uneasy rn ðŸ¥´,89,251,1663972339.0,https://www.reddit.com/r/wallstreetbets/comments/xmbdp3/i_want_to_get_my_gf_a_nice_ring_and_best_wedding/
WSB be like,15,1,1664483502.0,https://www.reddit.com/r/wallstreetbets/comments/xri7gt/wsb_be_like/
Lilium is the most under the radar green energy play (eVTOL); youâ€™re about to start hearing a lot about their electric â€œjetsâ€ soon,10,18,1664334519.0,https://www.reddit.com/r/wallstreetbets/comments/xq12nm/lilium_is_the_most_under_the_radar_green_energy/
This year dry humped me real good :/,16,24,1664463881.0,https://www.reddit.com/r/wallstreetbets/comments/xra5kk/this_year_dry_humped_me_real_good/
BBBY Short Squeeze Summary,2995,126,1663417124.0,https://www.reddit.com/r/wallstreetbets/comments/xgl0ca/bbby_short_squeeze_summary/
BBBY Positions,137,123,1663442047.0,https://www.reddit.com/r/wallstreetbets/comments/xguzol/bbby_positions/
Oh boy. I found another BBBY Regard on Stocktwits thinking institutional investors are insiders.,27,13,1663710633.0,https://www.reddit.com/r/wallstreetbets/comments/xjlqhe/oh_boy_i_found_another_bbby_regard_on_stocktwits/
10 Day Forecast,16,9,1664304947.0,https://www.reddit.com/r/wallstreetbets/comments/xppbdk/10_day_forecast/
Degen bet that Ford will suffer like '08,132,26,1664359483.0,https://www.reddit.com/r/wallstreetbets/comments/xq8m3d/degen_bet_that_ford_will_suffer_like_08/
When you blew the last of the retirement fun on BBBY calls but haven't told the old lady,174,6,1663710145.0,https://www.reddit.com/r/wallstreetbets/comments/xjlj3n/when_you_blew_the_last_of_the_retirement_fun_on/
"It ainâ€™t much, but itâ€™s an honest lossâ€¦",47,19,1664231729.0,https://www.reddit.com/r/wallstreetbets/comments/xoy9z8/it_aint_much_but_its_an_honest_loss/
Me looking at BBBY,4753,416,1663344610.0,https://www.reddit.com/r/wallstreetbets/comments/xfvgzi/me_looking_at_bbby/
Recked my E*trade account earlier this year,166,63,1664214057.0,https://www.reddit.com/r/wallstreetbets/comments/xoq6lv/recked_my_etrade_account_earlier_this_year/
BBBY Loss recovery. New strategy: Take profit,42,15,1663377320.0,https://www.reddit.com/r/wallstreetbets/comments/xg8p0w/bbby_loss_recovery_new_strategy_take_profit/
A 'snake' peek of the market... sneaky,224,7,1663971096.0,https://www.reddit.com/r/wallstreetbets/comments/xmavmm/a_snake_peek_of_the_market_sneaky/
â€œI gotta have more BBBY!!!â€,82,22,1663204596.0,https://www.reddit.com/r/wallstreetbets/comments/xej3st/i_gotta_have_more_bbby/
How the BBBY Moonshot is Going ðŸ‰ðŸ¦,4042,215,1663172081.0,https://www.reddit.com/r/wallstreetbets/comments/xe61ih/how_the_bbby_moonshot_is_going/
"For all of those GME, AMC, and BBBY Bagholders...",434,207,1663214464.0,https://www.reddit.com/r/wallstreetbets/comments/xemk0z/for_all_of_those_gme_amc_and_bbby_bagholders/
"Most Anticipated Earnings Releases for the week beginning September 26th, 2022",553,256,1664018365.0,https://www.reddit.com/r/wallstreetbets/comments/xmq6qa/most_anticipated_earnings_releases_for_the_week/
Bag-holders selling $BBBY late,734,83,1663009328.0,https://www.reddit.com/r/wallstreetbets/comments/xcl66q/bagholders_selling_bbby_late/
Just your average BBBY investor.,3948,379,1662951694.0,https://www.reddit.com/r/wallstreetbets/comments/xc1khl/just_your_average_bbby_investor/
Started buying options and meme stocks about a month ago. Fuk my life Iâ€™ll yolo the last 2k into some 0-1 dtes lambo or $5 butt stuff.,25,16,1663835415.0,https://www.reddit.com/r/wallstreetbets/comments/xkvnby/started_buying_options_and_meme_stocks_about_a/
"Ok, seriously who is married to Kate?",74,18,1663890588.0,https://www.reddit.com/r/wallstreetbets/comments/xlhdqf/ok_seriously_who_is_married_to_kate/
"RIP â˜ ï¸ my ðŸ’¸. In the arms of a hedge fund, fly away from me...",49,41,1663816313.0,https://www.reddit.com/r/wallstreetbets/comments/xkpr02/rip_my_in_the_arms_of_a_hedge_fund_fly_away_from/
Gay Bear Gains Part 2,6,1,1663873358.0,https://www.reddit.com/r/wallstreetbets/comments/xla43c/gay_bear_gains_part_2/
Grim reaper BBBY store in Los Angeles,64,9,1663018698.0,https://www.reddit.com/r/wallstreetbets/comments/xcozdh/grim_reaper_bbby_store_in_los_angeles/
I ain't fuckin leaving,2357,429,1663648480.0,https://www.reddit.com/r/wallstreetbets/comments/xiz3s5/i_aint_fuckin_leaving/
0 DTE SPY Puts go brrrrr,41,27,1663778042.0,https://www.reddit.com/r/wallstreetbets/comments/xk9t4o/0_dte_spy_puts_go_brrrrr/
How BBBY Apes Feel This Week ðŸ¦ðŸš€ðŸŒ–,3068,259,1662919535.0,https://www.reddit.com/r/wallstreetbets/comments/xbp8xl/how_bbby_apes_feel_this_week/
"Ahhhh I see you $BBBY ðŸ‘€ ""The FOMO is real""",198,28,1663023842.0,https://www.reddit.com/r/wallstreetbets/comments/xcr1h0/ahhhh_i_see_you_bbby_the_fomo_is_real/
farmers in pre market talk,135,20,1663611369.0,https://www.reddit.com/r/wallstreetbets/comments/xik5as/farmers_in_pre_market_talk/
Fuck me?,19,21,1663860257.0,https://www.reddit.com/r/wallstreetbets/comments/xl4edn/fuck_me/
part 2. same as before. the volatility on market open of the 16. part 1 was roth. Hail Mary trade,6,3,1663835204.0,https://www.reddit.com/r/wallstreetbets/comments/xkvlb1/part_2_same_as_before_the_volatility_on_market/
BBBY be like,1265,61,1662751149.0,https://www.reddit.com/r/wallstreetbets/comments/xa40us/bbby_be_like/
Current bbby positionâ€¦ yolo af (double regard),491,85,1662857319.0,https://www.reddit.com/r/wallstreetbets/comments/xb4w4j/current_bbby_position_yolo_af_double_regard/
$BBBY got me like,11015,188,1662737204.0,https://www.reddit.com/r/wallstreetbets/comments/x9ye6u/bbby_got_me_like/
$BBBY ðŸ’™ Mechanic: Somebody set up us the bomb. Captain: You know what you doing.,997,227,1663005087.0,https://www.reddit.com/r/wallstreetbets/comments/xcjeoa/bbby_mechanic_somebody_set_up_us_the_bomb_captain/
Bbby next week!!! ðŸ‰ðŸ’¦,726,46,1662774264.0,https://www.reddit.com/r/wallstreetbets/comments/xacq0g/bbby_next_week/
"I panic sold my entire portfolio and now have $1700 remaining. If I were to Yolo everything on Monday morning, what should I pick? Discussion",30,348,1663530340.0,https://www.reddit.com/r/wallstreetbets/comments/xhq3rq/i_panic_sold_my_entire_portfolio_and_now_have/
"So, Explain the BBBY Thing to Me Like I'm Six Years Old...",45,221,1662919175.0,https://www.reddit.com/r/wallstreetbets/comments/xbp3ac/so_explain_the_bbby_thing_to_me_like_im_six_years/
Super Rare Bull Dick Formation on BBBY ðŸš€ðŸš€ðŸš€ðŸš€ðŸŒ‘,6458,271,1662699672.0,https://www.reddit.com/r/wallstreetbets/comments/x9me5h/super_rare_bull_dick_formation_on_bbby/
Target sell price for bbby? I was apart of the rug pull. is there any ideal exit point or what is yalls move. it hit $15 once last week. abondon ship type of deal? any advice,0,198,1663246847.0,https://www.reddit.com/r/wallstreetbets/comments/xew9d6/target_sell_price_for_bbby_i_was_apart_of_the_rug/
Wyckoff on the Meme's - Going into OPEX,26,13,1663280734.0,https://www.reddit.com/r/wallstreetbets/comments/xf9wik/wyckoff_on_the_memes_going_into_opex/
80k->129k->55k BBBY (unrealized) lossâ€¦ looks like Iâ€™m going back to OnlyFans after all,91,36,1662832322.0,https://www.reddit.com/r/wallstreetbets/comments/xaviiz/80k129k55k_bbby_unrealized_loss_looks_like_im/
Death to $BBBY,194,80,1662491172.0,https://www.reddit.com/r/wallstreetbets/comments/x7iv8y/death_to_bbby/
How Iâ€™ve played BBBY,391,14,1662507323.0,https://www.reddit.com/r/wallstreetbets/comments/x7peid/how_ive_played_bbby/
Porn loss + fantastic news for bbby bagholders,221,102,1662567175.0,https://www.reddit.com/r/wallstreetbets/comments/x896mg/porn_loss_fantastic_news_for_bbby_bagholders/
All of the BBBY bagholders right now...,10344,835,1662470782.0,https://www.reddit.com/r/wallstreetbets/comments/x7am7d/all_of_the_bbby_bagholders_right_now/
"Same same, but different $BBBY $AAPL",11,6,1662577172.0,https://www.reddit.com/r/wallstreetbets/comments/x8dbwu/same_same_but_different_bbby_aapl/
These people on Stocktwits Meme boards make Charlie Kelly look like a genius,277,70,1663190814.0,https://www.reddit.com/r/wallstreetbets/comments/xedtoe/these_people_on_stocktwits_meme_boards_make/
Doin' some Diggin'...,81,40,1663472779.0,https://www.reddit.com/r/wallstreetbets/comments/xh6725/doin_some_diggin/
Important BBBY Shareholder Meeting Happening NOW!,183,40,1662489138.0,https://www.reddit.com/r/wallstreetbets/comments/x7i11w/important_bbby_shareholder_meeting_happening_now/
got $4 left for when BBBY hits 4,365,92,1662514870.0,https://www.reddit.com/r/wallstreetbets/comments/x7s533/got_4_left_for_when_bbby_hits_4/
40 cents to go. bye bye bbby.,34,14,1662524229.0,https://www.reddit.com/r/wallstreetbets/comments/x7vdhq/40_cents_to_go_bye_bye_bbby/
easy come easy go $bbby,36,14,1662484567.0,https://www.reddit.com/r/wallstreetbets/comments/x7g559/easy_come_easy_go_bbby/
"Thought I would post a BBBY loss, still positive but fuck greed is a crazy thing",193,60,1662672390.0,https://www.reddit.com/r/wallstreetbets/comments/x9cauh/thought_i_would_post_a_bbby_loss_still_positive/
BBBY technical analysis / bullish,199,148,1662407999.0,https://www.reddit.com/r/wallstreetbets/comments/x6popk/bbby_technical_analysis_bullish/
My time at the casino. I don't even like the company.,47,35,1663291884.0,https://www.reddit.com/r/wallstreetbets/comments/xfdvyu/my_time_at_the_casino_i_dont_even_like_the_company/
BBBY Bagholders That Bought The Top ðŸŽ’,240,80,1662469696.0,https://www.reddit.com/r/wallstreetbets/comments/x7a7pg/bbby_bagholders_that_bought_the_top/
BBBY is so stupid low I might by calls,854,636,1662464958.0,https://www.reddit.com/r/wallstreetbets/comments/x78ixt/bbby_is_so_stupid_low_i_might_by_calls/
Made back the money I lost on bbby by not listening to the regards here and buying this,63,83,1662669075.0,https://www.reddit.com/r/wallstreetbets/comments/x9awmb/made_back_the_money_i_lost_on_bbby_by_not/
Rate my portfolio,6,10,1663267419.0,https://www.reddit.com/r/wallstreetbets/comments/xf4fjm/rate_my_portfolio/
Hypothesis: Put volume has reached a historic level. Can this factor into investors minds as a contra indicator to propel a continued bear market rally? Why I think this should be null in any investment decision as a leading bullish indicatorðŸ‘‡,10,10,1662937272.0,https://www.reddit.com/r/wallstreetbets/comments/xbwi63/hypothesis_put_volume_has_reached_a_historic/
SPX 0dte straddle,15,38,1663019231.0,https://www.reddit.com/r/wallstreetbets/comments/xcp74q/spx_0dte_straddle/
"BBBY DD - The ""Cage Effect"" Are we overlooking something?",176,94,1662436672.0,https://www.reddit.com/r/wallstreetbets/comments/x70e6x/bbby_dd_the_cage_effect_are_we_overlooking/
"To the bagholders who diamond-handed BBBY, this is how you make real money in a squeeze.",136,81,1662562450.0,https://www.reddit.com/r/wallstreetbets/comments/x8779w/to_the_bagholders_who_diamondhanded_bbby_this_is/
All it takes is a few green dildos..,245,29,1662911424.0,https://www.reddit.com/r/wallstreetbets/comments/xblyu5/all_it_takes_is_a_few_green_dildos/
BBBY Regards Unite,627,62,1662224164.0,https://www.reddit.com/r/wallstreetbets/comments/x4z5ws/bbby_regards_unite/
BBBY bag holders,55,15,1662273747.0,https://www.reddit.com/r/wallstreetbets/comments/x5g5a1/bbby_bag_holders/
"Still holding BBBY 44,000 shares after averaging down to $12 (2 screen shots). We all know itâ€™s gonna hit $12 again soon, what should I sell at? Constructive criticism welcome!",910,560,1662691125.0,https://www.reddit.com/r/wallstreetbets/comments/x9jha1/still_holding_bbby_44000_shares_after_averaging/
Mama didnâ€™t raise no bitch. Maybe a regard though. $BBBY,1456,313,1662382089.0,https://www.reddit.com/r/wallstreetbets/comments/x6fdvy/mama_didnt_raise_no_bitch_maybe_a_regard_though/
BBBY Bagholder,439,66,1662187880.0,https://www.reddit.com/r/wallstreetbets/comments/x4nvyo/bbby_bagholder/
The 20 year old who sold $110 million worth of BBBY did an interview and apparently is not to fond of us here at WSB...,2285,780,1662583099.0,https://www.reddit.com/r/wallstreetbets/comments/x8ftpi/the_20_year_old_who_sold_110_million_worth_of/
MSM of late: Shares in BBBY are down today on reports a woman who may not actually exist found bedbugs in her popcorn while at AMC. Shares in GME are down after woman hurts her hand while running at an AMC and and trying to save her popcorn.,61,12,1662853610.0,https://www.reddit.com/r/wallstreetbets/comments/xb3mdk/msm_of_late_shares_in_bbby_are_down_today_on/
On that Ramen noodle budget after buying $BBBY at the top,164,59,1662397988.0,https://www.reddit.com/r/wallstreetbets/comments/x6ll2p/on_that_ramen_noodle_budget_after_buying_bbby_at/
Even God knows youâ€™re a BBBY bag holder,2771,123,1662300810.0,https://www.reddit.com/r/wallstreetbets/comments/x5nytl/even_god_knows_youre_a_bbby_bag_holder/
